<?xml version="1.0" encoding="UTF-8"?><?xml-stylesheet type='text/xsl' href='_UpgradeReport_Files/UpgradeReport.xslt'?><UpgradeLog>
<Properties><Property Name="Solution" Value="TestAvicap32">
</Property><Property Name="Solution File" Value="D:\CheruKayil Polymers\Web Cam\TestAvicap32\TestAvicap32.sln">
</Property><Property Name="User Options File" Value="D:\CheruKayil Polymers\Web Cam\TestAvicap32\TestAvicap32.suo">
</Property><Property Name="Date" Value="Tuesday, October 23, 2012">
</Property><Property Name="Time" Value="11:54 AM">
</Property></Properties><Event ErrorLevel="0" Project="" Source="TestAvicap32.sln" Description="File successfully backed up as D:\CheruKayil Polymers\Web Cam\TestAvicap32\Backup\TestAvicap32.sln">
</Event><Event ErrorLevel="0" Project="" Source="TestAvicap32.suo" Description="File successfully backed up as D:\CheruKayil Polymers\Web Cam\TestAvicap32\Backup\TestAvicap32.suo">
</Event><Event ErrorLevel="0" Project="TestAvicap32" Source="TestAvicap32\TestAvicap32.csproj" Description="Project file successfully backed up as D:\CheruKayil Polymers\Web Cam\TestAvicap32\Backup\TestAvicap32\TestAvicap32.csproj">
</Event><Event ErrorLevel="0" Project="TestAvicap32" Source="TestAvicap32\CaptureDevice.cs" Description="File successfully backed up as D:\CheruKayil Polymers\Web Cam\TestAvicap32\Backup\TestAvicap32\CaptureDevice.cs">
</Event><Event ErrorLevel="0" Project="TestAvicap32" Source="TestAvicap32\Form1.cs" Description="File successfully backed up as D:\CheruKayil Polymers\Web Cam\TestAvicap32\Backup\TestAvicap32\Form1.cs">
</Event><Event ErrorLevel="0" Project="TestAvicap32" Source="TestAvicap32\Form1.Designer.cs" Description="File successfully backed up as D:\CheruKayil Polymers\Web Cam\TestAvicap32\Backup\TestAvicap32\Form1.Designer.cs">
</Event><Event ErrorLevel="0" Project="TestAvicap32" Source="TestAvicap32\Program.cs" Description="File successfully backed up as D:\CheruKayil Polymers\Web Cam\TestAvicap32\Backup\TestAvicap32\Program.cs">
</Event><Event ErrorLevel="0" Project="TestAvicap32" Source="TestAvicap32\Properties\AssemblyInfo.cs" Description="File successfully backed up as D:\CheruKayil Polymers\Web Cam\TestAvicap32\Backup\TestAvicap32\Properties\AssemblyInfo.cs">
</Event><Event ErrorLevel="0" Project="TestAvicap32" Source="TestAvicap32\Properties\Resources.Designer.cs" Description="File successfully backed up as D:\CheruKayil Polymers\Web Cam\TestAvicap32\Backup\TestAvicap32\Properties\Resources.Designer.cs">
</Event><Event ErrorLevel="0" Project="TestAvicap32" Source="TestAvicap32\Properties\Settings.Designer.cs" Description="File successfully backed up as D:\CheruKayil Polymers\Web Cam\TestAvicap32\Backup\TestAvicap32\Properties\Settings.Designer.cs">
</Event><Event ErrorLevel="0" Project="TestAvicap32" Source="TestAvicap32\Properties\Settings.settings" Description="File successfully backed up as D:\CheruKayil Polymers\Web Cam\TestAvicap32\Backup\TestAvicap32\Properties\Settings.settings">
</Event><Event ErrorLevel="0" Project="TestAvicap32" Source="TestAvicap32\Form1.resx" Description="File successfully backed up as D:\CheruKayil Polymers\Web Cam\TestAvicap32\Backup\TestAvicap32\Form1.resx">
</Event><Event ErrorLevel="0" Project="TestAvicap32" Source="TestAvicap32\Properties\Resources.resx" Description="File successfully backed up as D:\CheruKayil Polymers\Web Cam\TestAvicap32\Backup\TestAvicap32\Properties\Resources.resx">
</Event><Event ErrorLevel="0" Project="TestAvicap32" Source="TestAvicap32\TestAvicap32.csproj" Description="Project converted successfully">
</Event><Event ErrorLevel="3" Project="TestAvicap32" Source="TestAvicap32\TestAvicap32.csproj" Description="Converted">
</Event><Event ErrorLevel="0" Project="Pinvoke" Source="Pinvoke\Pinvoke.csproj" Description="Project file successfully backed up as D:\CheruKayil Polymers\Web Cam\TestAvicap32\Backup\Pinvoke\Pinvoke.csproj">
</Event><Event ErrorLevel="0" Project="Pinvoke" Source="Pinvoke\Class1.cs" Description="File successfully backed up as D:\CheruKayil Polymers\Web Cam\TestAvicap32\Backup\Pinvoke\Class1.cs">
</Event><Event ErrorLevel="0" Project="Pinvoke" Source="Pinvoke\Properties\AssemblyInfo.cs" Description="File successfully backed up as D:\CheruKayil Polymers\Web Cam\TestAvicap32\Backup\Pinvoke\Properties\AssemblyInfo.cs">
</Event><Event ErrorLevel="0" Project="Pinvoke" Source="Pinvoke\Pinvoke.csproj" Description="Project converted successfully">
</Event><Event ErrorLevel="3" Project="Pinvoke" Source="Pinvoke\Pinvoke.csproj" Description="Converted">
</Event><Event ErrorLevel="0" Project="" Source="TestAvicap32.sln" Description="Solution converted successfully">
</Event><Event ErrorLevel="3" Project="" Source="TestAvicap32.sln" Description="Converted">
</Event><Event ErrorLevel="0" Project="TestAvicap32" Source="TestAvicap32\TestAvicap32.csproj" Description="Scan complete: Upgrade not required for project files.">
</Event><Event ErrorLevel="0" Project="Pinvoke" Source="Pinvoke\Pinvoke.csproj" Description="Scan complete: Upgrade not required for project files.">
</Event></UpgradeLog>